candidate_id,election_id,first_name,last_name,parties,photo_url,slug,thumb_url,full_name,boe_name,OffNme,CndID,CndNme
251493,368,Proco,Moreno,"[{'name': 'Nonpartisan', 'short_name': 'NP', 'id': 41}]",https://br-production-assets.s3.amazonaws.com/uploads/candidate/headshot/251493/251493.jpg,proco-moreno,https://br-production-assets.s3.amazonaws.com/uploads/candidate/headshot/251493/thumb_251493.jpg,PROCO MORENO,"PROCO ""JOE"" MORENO",For Alderman 1st Ward,36.0,"PROCO ""JOE"" MORENO"
251494,368,Daniel,La Spata,"[{'name': 'Nonpartisan', 'short_name': 'NP', 'id': 41}]",https://br-production-assets.s3.amazonaws.com/uploads/candidate/headshot/251494/251494.jpg,daniel-la-spata,https://br-production-assets.s3.amazonaws.com/uploads/candidate/headshot/251494/thumb_251494.jpg,DANIEL LA SPATA,DANIEL LA SPATA,For Alderman 1st Ward,64.0,DANIEL LA SPATA
251496,368,Trevor,Grant,"[{'name': 'Nonpartisan', 'short_name': 'NP', 'id': 41}]",https://br-production-assets.s3.amazonaws.com/uploads/candidate/headshot/251496/251496.jpg,trevor-joseph-grant,https://br-production-assets.s3.amazonaws.com/uploads/candidate/headshot/251496/thumb_251496.jpg,TREVOR GRANT,TREVOR JOSEPH GRANT,For Alderman 1st Ward,169.0,TREVOR JOSEPH GRANT
251497,368,Brian,Hopkins,"[{'name': 'Nonpartisan', 'short_name': 'NP', 'id': 41}]",https://br-production-assets.s3.amazonaws.com/uploads/candidate/headshot/251497/251497.jpg,brian-hopkins,https://br-production-assets.s3.amazonaws.com/uploads/candidate/headshot/251497/thumb_251497.jpg,BRIAN HOPKINS,BRIAN HOPKINS,For Alderman 2nd Ward,85.0,BRIAN HOPKINS
251498,368,Patricia,Dowell,"[{'name': 'Nonpartisan', 'short_name': 'NP', 'id': 41}]",https://br-production-assets.s3.amazonaws.com/uploads/candidate/headshot/251498/251498.jpg,patricia-dowell,https://br-production-assets.s3.amazonaws.com/uploads/candidate/headshot/251498/thumb_251498.jpg,PATRICIA DOWELL,"PATRICIA ""PAT"" DOWELL",For Alderman 3rd Ward,114.0,"PATRICIA ""PAT"" DOWELL"
251499,368,Alexandria,Willis,"[{'name': 'Nonpartisan', 'short_name': 'NP', 'id': 41}]",https://br-production-assets.s3.amazonaws.com/uploads/candidate/headshot/251499/251499.jpg,alexandria-willis,https://br-production-assets.s3.amazonaws.com/uploads/candidate/headshot/251499/thumb_251499.jpg,ALEXANDRIA WILLIS,ALEXANDRIA WILLIS,For Alderman 3rd Ward,119.0,ALEXANDRIA WILLIS
251501,368,Andre,Love,"[{'name': 'Nonpartisan', 'short_name': 'NP', 'id': 41}]",,andre-s-love,,ANDRE LOVE,,,,
251503,368,Sophia,King,"[{'name': 'Nonpartisan', 'short_name': 'NP', 'id': 41}]",https://br-production-assets.s3.amazonaws.com/uploads/candidate/headshot/251503/251503.jpg,sophia-king,https://br-production-assets.s3.amazonaws.com/uploads/candidate/headshot/251503/thumb_251503.jpg,SOPHIA KING,SOPHIA KING,For Alderman 4th Ward,98.0,SOPHIA KING
251504,368,Ebony,Lucas,"[{'name': 'Nonpartisan', 'short_name': 'NP', 'id': 41}]",https://br-production-assets.s3.amazonaws.com/uploads/candidate/headshot/251504/251504.jpg,ebony-d-lucas,https://br-production-assets.s3.amazonaws.com/uploads/candidate/headshot/251504/thumb_251504.jpg,EBONY LUCAS,EBONY D. LUCAS,For Alderman 4th Ward,72.0,EBONY D. LUCAS
251505,368,Leslie,Hairston,"[{'name': 'Nonpartisan', 'short_name': 'NP', 'id': 41}]",https://br-production-assets.s3.amazonaws.com/uploads/candidate/headshot/251505/251505.jpg,leslie-a-hairston,https://br-production-assets.s3.amazonaws.com/uploads/candidate/headshot/251505/thumb_251505.jpg,LESLIE HAIRSTON,LESLIE A. HAIRSTON,For Alderman 5th Ward,81.0,LESLIE A. HAIRSTON
251506,368,William,Calloway,"[{'name': 'Nonpartisan', 'short_name': 'NP', 'id': 41}]",https://br-production-assets.s3.amazonaws.com/uploads/candidate/headshot/251506/251506.jpg,william-calloway-b90dded7-8e42-4fda-9688-539fccc0e2ce,https://br-production-assets.s3.amazonaws.com/uploads/candidate/headshot/251506/thumb_251506.jpg,WILLIAM CALLOWAY,WILLIAM CALLOWAY,For Alderman 5th Ward,168.0,WILLIAM CALLOWAY
251508,368,Gabriel,Piemonte,"[{'name': 'Nonpartisan', 'short_name': 'NP', 'id': 41}]",https://br-production-assets.s3.amazonaws.com/uploads/candidate/headshot/251508/251508.jpg,gabriel-piemonte,https://br-production-assets.s3.amazonaws.com/uploads/candidate/headshot/251508/thumb_251508.jpg,GABRIEL PIEMONTE,GABRIEL PIEMONTE,For Alderman 5th Ward,209.0,GABRIEL PIEMONTE
251509,368,Roderick,Sawyer,"[{'name': 'Nonpartisan', 'short_name': 'NP', 'id': 41}]",https://br-production-assets.s3.amazonaws.com/uploads/candidate/headshot/251509/251509.jpg,roderick-t-sawyer,https://br-production-assets.s3.amazonaws.com/uploads/candidate/headshot/251509/thumb_251509.jpg,RODERICK SAWYER,RODERICK T. SAWYER,For Alderman 6th Ward,93.0,RODERICK T. SAWYER
251510,368,Richard,Wooten,"[{'name': 'Nonpartisan', 'short_name': 'NP', 'id': 41}]",https://br-production-assets.s3.amazonaws.com/uploads/candidate/headshot/251510/251510.jpg,richard-a-wooten,https://br-production-assets.s3.amazonaws.com/uploads/candidate/headshot/251510/thumb_251510.jpg,RICHARD WOOTEN,RICHARD A. WOOTEN,For Alderman 6th Ward,152.0,RICHARD A. WOOTEN
251511,368,Deborah,Foster-Bonner,"[{'name': 'Nonpartisan', 'short_name': 'NP', 'id': 41}]",https://br-production-assets.s3.amazonaws.com/uploads/candidate/headshot/251511/251511.jpg,deborah-a-foster-bonner,https://br-production-assets.s3.amazonaws.com/uploads/candidate/headshot/251511/thumb_251511.jpg,DEBORAH FOSTER-BONNER,DEBORAH A. FOSTER-BONNER,For Alderman 6th Ward,185.0,DEBORAH A. FOSTER-BONNER
251512,368,Gregory,Mitchell,"[{'name': 'Nonpartisan', 'short_name': 'NP', 'id': 41}]",https://br-production-assets.s3.amazonaws.com/uploads/candidate/headshot/251512/251512.jpg,gregory-i-mitchell,https://br-production-assets.s3.amazonaws.com/uploads/candidate/headshot/251512/thumb_251512.jpg,GREGORY MITCHELL,GREGORY I. MITCHELL,For Alderman 7th Ward,97.0,GREGORY I. MITCHELL
251513,368,Charles,Kyle,"[{'name': 'Nonpartisan', 'short_name': 'NP', 'id': 41}]",https://br-production-assets.s3.amazonaws.com/uploads/candidate/headshot/251513/251513.jpg,charles-kyle,https://br-production-assets.s3.amazonaws.com/uploads/candidate/headshot/251513/thumb_251513.jpg,CHARLES KYLE,CHARLES KYLE,For Alderman 7th Ward,125.0,CHARLES KYLE
251517,368,Jedidiah,Brown,"[{'name': 'Nonpartisan', 'short_name': 'NP', 'id': 41}]",https://br-production-assets.s3.amazonaws.com/uploads/candidate/headshot/251517/251517.jpg,jedidiah-l-brown,https://br-production-assets.s3.amazonaws.com/uploads/candidate/headshot/251517/thumb_251517.jpg,JEDIDIAH BROWN,JEDIDIAH L. BROWN,For Alderman 7th Ward,203.0,JEDIDIAH L. BROWN
251519,368,Michelle,Harris,"[{'name': 'Nonpartisan', 'short_name': 'NP', 'id': 41}]",https://br-production-assets.s3.amazonaws.com/uploads/candidate/headshot/251519/251519.jpg,michelle-a-harris-9ded80cb-dcb3-4e4b-b79c-637c96f8d63f,https://br-production-assets.s3.amazonaws.com/uploads/candidate/headshot/251519/thumb_251519.jpg,MICHELLE HARRIS,MICHELLE A. HARRIS,For Alderman 8th Ward,69.0,MICHELLE A. HARRIS
251520,368,Jewel,Easterling-Smith,"[{'name': 'Nonpartisan', 'short_name': 'NP', 'id': 41}]",https://br-production-assets.s3.amazonaws.com/uploads/candidate/headshot/251520/251520.jpg,jewel-r-easterling-smith,https://br-production-assets.s3.amazonaws.com/uploads/candidate/headshot/251520/thumb_251520.jpg,JEWEL EASTERLING-SMITH,JEWEL R. EASTERLING-SMITH,For Alderman 8th Ward,124.0,JEWEL R. EASTERLING-SMITH
251521,368,Linda,Hudson,"[{'name': 'Nonpartisan', 'short_name': 'NP', 'id': 41}]",https://br-production-assets.s3.amazonaws.com/uploads/candidate/headshot/251521/251521.jpg,linda-hudson-976f02be-f3ed-49c3-90f8-46a5ec43ca63,https://br-production-assets.s3.amazonaws.com/uploads/candidate/headshot/251521/thumb_251521.jpg,LINDA HUDSON,LINDA HUDSON,For Alderman 8th Ward,138.0,LINDA HUDSON
251523,368,Faheem,Shabazz,"[{'name': 'Nonpartisan', 'short_name': 'NP', 'id': 41}]",https://br-production-assets.s3.amazonaws.com/uploads/candidate/headshot/251523/251523.jpg,faheem-shabazz,https://br-production-assets.s3.amazonaws.com/uploads/candidate/headshot/251523/thumb_251523.jpg,FAHEEM SHABAZZ,FAHEEM SHABAZZ,For Alderman 8th Ward,141.0,FAHEEM SHABAZZ
251524,368,Dionte,Lawrence,"[{'name': 'Nonpartisan', 'short_name': 'NP', 'id': 41}]",https://br-production-assets.s3.amazonaws.com/uploads/candidate/headshot/251524/251524.jpg,dionte-lawrence,https://br-production-assets.s3.amazonaws.com/uploads/candidate/headshot/251524/thumb_251524.jpg,DIONTE LAWRENCE,DIONTE LAWRENCE,For Alderman 8th Ward,221.0,DIONTE LAWRENCE
251526,368,Anthony,Beale,"[{'name': 'Nonpartisan', 'short_name': 'NP', 'id': 41}]",https://br-production-assets.s3.amazonaws.com/uploads/candidate/headshot/251526/251526.jpg,anthony-a-beale,https://br-production-assets.s3.amazonaws.com/uploads/candidate/headshot/251526/thumb_251526.jpg,ANTHONY BEALE,ANTHONY A. BEALE,For Alderman 9th Ward,99.0,ANTHONY A. BEALE
251527,368,Cleopatra,Watson,"[{'name': 'Nonpartisan', 'short_name': 'NP', 'id': 41}]",https://br-production-assets.s3.amazonaws.com/uploads/candidate/headshot/251527/251527.jpg,cleopatra-watson,https://br-production-assets.s3.amazonaws.com/uploads/candidate/headshot/251527/thumb_251527.jpg,CLEOPATRA WATSON,CLEOPATRA WATSON,For Alderman 9th Ward,22.0,CLEOPATRA WATSON
251529,368,Paul,Collins,"[{'name': 'Nonpartisan', 'short_name': 'NP', 'id': 41}]",https://br-production-assets.s3.amazonaws.com/uploads/candidate/headshot/251529/251529.jpg,paul-collins-ee0f7f40-8174-4f49-a0fb-4203c96754fb,https://br-production-assets.s3.amazonaws.com/uploads/candidate/headshot/251529/thumb_251529.jpg,PAUL COLLINS,PAUL COLLINS,For Alderman 9th Ward,202.0,PAUL COLLINS
251530,368,Essie,Hall,"[{'name': 'Nonpartisan', 'short_name': 'NP', 'id': 41}]",https://br-production-assets.s3.amazonaws.com/uploads/candidate/headshot/251530/251530.jpg,essie-hall,https://br-production-assets.s3.amazonaws.com/uploads/candidate/headshot/251530/thumb_251530.jpg,ESSIE HALL,ESSIE HALL,For Alderman 9th Ward,190.0,ESSIE HALL
251532,368,Susan,Garza,"[{'name': 'Nonpartisan', 'short_name': 'NP', 'id': 41}]",https://br-production-assets.s3.amazonaws.com/uploads/candidate/headshot/251532/251532.jpg,susan-sadlowski-garza,https://br-production-assets.s3.amazonaws.com/uploads/candidate/headshot/251532/thumb_251532.jpg,SUSAN GARZA,SUSAN SADLOWSKI GARZA,For Alderman 10th Ward,77.0,SUSAN SADLOWSKI GARZA
251533,368,Robert,Loncar,"[{'name': 'Nonpartisan', 'short_name': 'NP', 'id': 41}]",https://br-production-assets.s3.amazonaws.com/uploads/candidate/headshot/251533/251533.jpg,robert-loncar,https://br-production-assets.s3.amazonaws.com/uploads/candidate/headshot/251533/thumb_251533.jpg,ROBERT LONCAR,"ROBERT ""BOBBY"" LONCAR",For Alderman 10th Ward,63.0,"ROBERT ""BOBBY"" LONCAR"
251535,368,Patrick,Thompson,"[{'name': 'Nonpartisan', 'short_name': 'NP', 'id': 41}]",https://br-production-assets.s3.amazonaws.com/uploads/candidate/headshot/251535/251535.jpg,patrick-daley-thompson,https://br-production-assets.s3.amazonaws.com/uploads/candidate/headshot/251535/thumb_251535.jpg,PATRICK THOMPSON,PATRICK DALEY THOMPSON,For Alderman 11th Ward,30.0,PATRICK DALEY THOMPSON
251536,368,David,Mihalyfy,"[{'name': 'Nonpartisan', 'short_name': 'NP', 'id': 41}]",https://br-production-assets.s3.amazonaws.com/uploads/candidate/headshot/251536/251536.jpg,david-mihalyfy,https://br-production-assets.s3.amazonaws.com/uploads/candidate/headshot/251536/thumb_251536.jpg,DAVID MIHALYFY,DAVID MIHALYFY,For Alderman 11th Ward,102.0,DAVID MIHALYFY
251537,368,George,Cardenas,"[{'name': 'Nonpartisan', 'short_name': 'NP', 'id': 41}]",https://br-production-assets.s3.amazonaws.com/uploads/candidate/headshot/251537/251537.jpg,george-cardenas,https://br-production-assets.s3.amazonaws.com/uploads/candidate/headshot/251537/thumb_251537.jpg,GEORGE CARDENAS,GEORGE CARDENAS,For Alderman 12th Ward,4.0,GEORGE CARDENAS
251538,368,Samuel,Alcantar,"[{'name': 'Nonpartisan', 'short_name': 'NP', 'id': 41}]",,samuel-alcantar,,SAMUEL ALCANTAR,SAMUEL ALCANTAR,For Alderman 12th Ward,84.0,SAMUEL ALCANTAR
251540,368,Pete,Demay,"[{'name': 'Nonpartisan', 'short_name': 'NP', 'id': 41}]",https://br-production-assets.s3.amazonaws.com/uploads/candidate/headshot/251540/251540.jpg,pete-demay,https://br-production-assets.s3.amazonaws.com/uploads/candidate/headshot/251540/thumb_251540.jpg,PETE DEMAY,PETE DEMAY,For Alderman 12th Ward,217.0,PETE DEMAY
251541,368,Martha,Rangel,"[{'name': 'Nonpartisan', 'short_name': 'NP', 'id': 41}]",,martha-yerania-rangel,,MARTHA RANGEL,MARTHA YERANIA RANGEL,For Alderman 12th Ward,229.0,MARTHA YERANIA RANGEL
251542,368,Jose,Rico,"[{'name': 'Nonpartisan', 'short_name': 'NP', 'id': 41}]",https://br-production-assets.s3.amazonaws.com/uploads/candidate/headshot/251542/251542.jpg,jose-rico,https://br-production-assets.s3.amazonaws.com/uploads/candidate/headshot/251542/thumb_251542.jpg,JOSE RICO,JOSE RICO,For Alderman 12th Ward,222.0,JOSE RICO
251543,368,Marty,Quinn,"[{'name': 'Nonpartisan', 'short_name': 'NP', 'id': 41}]",https://br-production-assets.s3.amazonaws.com/uploads/candidate/headshot/251543/251543.jpg,marty-quinn-cf764b59-1b26-4728-9e3b-ece03b8aa4ea,https://br-production-assets.s3.amazonaws.com/uploads/candidate/headshot/251543/thumb_251543.jpg,MARTY QUINN,MARTY QUINN,For Alderman 13th Ward,10.0,MARTY QUINN
251544,368,David,Krupa,"[{'name': 'Nonpartisan', 'short_name': 'NP', 'id': 41}]",https://br-production-assets.s3.amazonaws.com/uploads/candidate/headshot/251544/251544.jpg,david-j-krupa,https://br-production-assets.s3.amazonaws.com/uploads/candidate/headshot/251544/thumb_251544.jpg,DAVID KRUPA,DAVID J. KRUPA,For Alderman 13th Ward,121.0,DAVID J. KRUPA
251546,368,Edward,Burke,"[{'name': 'Nonpartisan', 'short_name': 'NP', 'id': 41}]",https://br-production-assets.s3.amazonaws.com/uploads/candidate/headshot/251546/251546.jpg,edward-m-burke,https://br-production-assets.s3.amazonaws.com/uploads/candidate/headshot/251546/thumb_251546.jpg,EDWARD BURKE,EDWARD M. BURKE,For Alderman 14th Ward,19.0,EDWARD M. BURKE
251547,368,Jaime,Guzman,"[{'name': 'Nonpartisan', 'short_name': 'NP', 'id': 41}]",https://br-production-assets.s3.amazonaws.com/uploads/candidate/headshot/251547/251547.jpg,jaime-guzman-9cb2cd60-b7e8-4b99-b9e2-a6ef19f6f3b3,https://br-production-assets.s3.amazonaws.com/uploads/candidate/headshot/251547/thumb_251547.jpg,JAIME GUZMAN,JAIME GUZMAN,For Alderman 14th Ward,150.0,JAIME GUZMAN
251548,368,Irene,Corral,"[{'name': 'Nonpartisan', 'short_name': 'NP', 'id': 41}]",,irene-corral,,IRENE CORRAL,IRENE CORRAL,For Alderman 14th Ward,154.0,IRENE CORRAL
251549,368,Tanya,Patino,"[{'name': 'Nonpartisan', 'short_name': 'NP', 'id': 41}]",https://br-production-assets.s3.amazonaws.com/uploads/candidate/headshot/251549/251549.jpg,tanya-g-patino,https://br-production-assets.s3.amazonaws.com/uploads/candidate/headshot/251549/thumb_251549.jpg,TANYA PATINO,TANYA G. PATINO,For Alderman 14th Ward,232.0,TANYA G. PATINO
251550,368,Joseph,Williams,"[{'name': 'Nonpartisan', 'short_name': 'NP', 'id': 41}]",https://br-production-assets.s3.amazonaws.com/uploads/candidate/headshot/251550/251550.jpg,joseph-g-williams,https://br-production-assets.s3.amazonaws.com/uploads/candidate/headshot/251550/thumb_251550.jpg,JOSEPH WILLIAMS,JOSEPH G. WILLIAMS,For Alderman 15th Ward,12.0,JOSEPH G. WILLIAMS
251551,368,Joel,Riojas,"[{'name': 'Nonpartisan', 'short_name': 'NP', 'id': 41}]",https://br-production-assets.s3.amazonaws.com/uploads/candidate/headshot/251551/251551.jpg,joel-riojas,https://br-production-assets.s3.amazonaws.com/uploads/candidate/headshot/251551/thumb_251551.jpg,JOEL RIOJAS,JOEL RIOJAS,For Alderman 15th Ward,83.0,JOEL RIOJAS
251552,368,Rafael,Yanez,"[{'name': 'Nonpartisan', 'short_name': 'NP', 'id': 41}]",https://br-production-assets.s3.amazonaws.com/uploads/candidate/headshot/251552/251552.jpg,rafael-yanez,https://br-production-assets.s3.amazonaws.com/uploads/candidate/headshot/251552/thumb_251552.jpg,RAFAEL YANEZ,"RAFAEL ""RAFA"" YANEZ",For Alderman 15th Ward,65.0,"RAFAEL ""RAFA"" YANEZ"
251553,368,Raymond,Lopez,"[{'name': 'Nonpartisan', 'short_name': 'NP', 'id': 41}]",https://br-production-assets.s3.amazonaws.com/uploads/candidate/headshot/251553/251553.jpg,raymond-a-lopez,https://br-production-assets.s3.amazonaws.com/uploads/candidate/headshot/251553/thumb_251553.jpg,RAYMOND LOPEZ,RAYMOND A. LOPEZ,For Alderman 15th Ward,45.0,RAYMOND A. LOPEZ
251554,368,Berto,Aguayo,"[{'name': 'Nonpartisan', 'short_name': 'NP', 'id': 41}]",https://br-production-assets.s3.amazonaws.com/uploads/candidate/headshot/251554/251554.jpg,berto-aguayo,https://br-production-assets.s3.amazonaws.com/uploads/candidate/headshot/251554/thumb_251554.jpg,BERTO AGUAYO,BERTO AGUAYO,For Alderman 15th Ward,20.0,BERTO AGUAYO
251556,368,Otis,Davis,"[{'name': 'Nonpartisan', 'short_name': 'NP', 'id': 41}]",https://br-production-assets.s3.amazonaws.com/uploads/candidate/headshot/251556/251556.jpg,otis-davis-jr,https://br-production-assets.s3.amazonaws.com/uploads/candidate/headshot/251556/thumb_251556.jpg,OTIS DAVIS,"OTIS DAVIS, JR.",For Alderman 15th Ward,206.0,"OTIS DAVIS, JR."
251557,368,Stephanie,Coleman,"[{'name': 'Nonpartisan', 'short_name': 'NP', 'id': 41}]",https://br-production-assets.s3.amazonaws.com/uploads/candidate/headshot/251557/251557.jpg,stephanie-d-coleman,https://br-production-assets.s3.amazonaws.com/uploads/candidate/headshot/251557/thumb_251557.jpg,STEPHANIE COLEMAN,STEPHANIE D. COLEMAN,For Alderman 16th Ward,8.0,STEPHANIE D. COLEMAN
251558,368,Latasha,Sanders,"[{'name': 'Nonpartisan', 'short_name': 'NP', 'id': 41}]",https://br-production-assets.s3.amazonaws.com/uploads/candidate/headshot/251558/251558.jpg,latasha-m-sanders,https://br-production-assets.s3.amazonaws.com/uploads/candidate/headshot/251558/thumb_251558.jpg,LATASHA SANDERS,LATASHA M. SANDERS,For Alderman 16th Ward,39.0,LATASHA M. SANDERS
251559,368,Kenny,Doss,"[{'name': 'Nonpartisan', 'short_name': 'NP', 'id': 41}]",https://br-production-assets.s3.amazonaws.com/uploads/candidate/headshot/251559/251559.jpg,kenny-c-doss-ii,https://br-production-assets.s3.amazonaws.com/uploads/candidate/headshot/251559/thumb_251559.jpg,KENNY DOSS,KENNY C. DOSS II,For Alderman 16th Ward,16.0,KENNY C. DOSS II
251560,368,Toni,Foulkes,"[{'name': 'Nonpartisan', 'short_name': 'NP', 'id': 41}]",https://br-production-assets.s3.amazonaws.com/uploads/candidate/headshot/251560/251560.jpg,toni-l-foulkes,https://br-production-assets.s3.amazonaws.com/uploads/candidate/headshot/251560/thumb_251560.jpg,TONI FOULKES,TONI L. FOULKES,For Alderman 16th Ward,48.0,TONI L. FOULKES
251561,368,Jeffrey,Lewis,"[{'name': 'Nonpartisan', 'short_name': 'NP', 'id': 41}]",,jeffrey-l-lewis,,JEFFREY LEWIS,JEFFREY L. LEWIS,For Alderman 16th Ward,103.0,JEFFREY L. LEWIS
251562,368,Eddie,Johnson,"[{'name': 'Nonpartisan', 'short_name': 'NP', 'id': 41}]",https://br-production-assets.s3.amazonaws.com/uploads/candidate/headshot/251562/251562.jpg,eddie-johnson-iii-5668cdd5-8ad9-4ef4-8571-6edf64368fb7,https://br-production-assets.s3.amazonaws.com/uploads/candidate/headshot/251562/thumb_251562.jpg,EDDIE JOHNSON,EDDIE JOHNSON III,For Alderman 16th Ward,231.0,EDDIE JOHNSON III
251563,368,David,Moore,"[{'name': 'Nonpartisan', 'short_name': 'NP', 'id': 41}]",https://br-production-assets.s3.amazonaws.com/uploads/candidate/headshot/251563/251563.jpg,david-h-moore,https://br-production-assets.s3.amazonaws.com/uploads/candidate/headshot/251563/thumb_251563.jpg,DAVID MOORE,DAVID H. MOORE,For Alderman 17th Ward,2.0,DAVID H. MOORE
251564,368,Raynetta,Greenleaf,"[{'name': 'Nonpartisan', 'short_name': 'NP', 'id': 41}]",https://br-production-assets.s3.amazonaws.com/uploads/candidate/headshot/251564/251564.jpg,raynetta-greenleaf,https://br-production-assets.s3.amazonaws.com/uploads/candidate/headshot/251564/thumb_251564.jpg,RAYNETTA GREENLEAF,RAYNETTA GREENLEAF,For Alderman 17th Ward,110.0,RAYNETTA GREENLEAF
251565,368,Chuks,Onyezia,"[{'name': 'Nonpartisan', 'short_name': 'NP', 'id': 41}]",https://br-production-assets.s3.amazonaws.com/uploads/candidate/headshot/251565/251565.jpg,chuks-onyezia,https://br-production-assets.s3.amazonaws.com/uploads/candidate/headshot/251565/thumb_251565.jpg,CHUKS ONYEZIA,CHUKS ONYEZIA,For Alderman 18th Ward,92.0,CHUKS ONYEZIA
251566,368,Derrick,Curtis,"[{'name': 'Nonpartisan', 'short_name': 'NP', 'id': 41}]",https://br-production-assets.s3.amazonaws.com/uploads/candidate/headshot/251566/251566.jpg,derrick-g-curtis,https://br-production-assets.s3.amazonaws.com/uploads/candidate/headshot/251566/thumb_251566.jpg,DERRICK CURTIS,DERRICK G. CURTIS,For Alderman 18th Ward,112.0,DERRICK G. CURTIS
251567,368,Matthew,O'Shea,"[{'name': 'Nonpartisan', 'short_name': 'NP', 'id': 41}]",https://br-production-assets.s3.amazonaws.com/uploads/candidate/headshot/251567/251567.jpg,matthew-j-o-shea,https://br-production-assets.s3.amazonaws.com/uploads/candidate/headshot/251567/thumb_251567.jpg,MATTHEW O'SHEA,MATTHEW J. O'SHEA,For Alderman 19th Ward,51.0,MATTHEW J. O'SHEA
251568,368,David,Dewar,"[{'name': 'Nonpartisan', 'short_name': 'NP', 'id': 41}]",https://br-production-assets.s3.amazonaws.com/uploads/candidate/headshot/251568/251568.jpg,david-a-dewar,https://br-production-assets.s3.amazonaws.com/uploads/candidate/headshot/251568/thumb_251568.jpg,DAVID DEWAR,DAVID A. DEWAR,For Alderman 19th Ward,136.0,DAVID A. DEWAR
251569,368,Jeanette,Taylor,"[{'name': 'Nonpartisan', 'short_name': 'NP', 'id': 41}]",https://br-production-assets.s3.amazonaws.com/uploads/candidate/headshot/251569/251569.jpg,jeanette-b-taylor,https://br-production-assets.s3.amazonaws.com/uploads/candidate/headshot/251569/thumb_251569.jpg,JEANETTE TAYLOR,JEANETTE B TAYLOR,For Alderman 20th Ward,79.0,JEANETTE B TAYLOR
251570,368,Nicole,Johnson,"[{'name': 'Nonpartisan', 'short_name': 'NP', 'id': 41}]",https://br-production-assets.s3.amazonaws.com/uploads/candidate/headshot/251570/251570.jpg,nicole-j-johnson,https://br-production-assets.s3.amazonaws.com/uploads/candidate/headshot/251570/thumb_251570.jpg,NICOLE JOHNSON,NICOLE J. JOHNSON,For Alderman 20th Ward,31.0,NICOLE J. JOHNSON
251571,368,Maya,Hodari,"[{'name': 'Nonpartisan', 'short_name': 'NP', 'id': 41}]",https://br-production-assets.s3.amazonaws.com/uploads/candidate/headshot/251571/251571.jpg,maya-hodari,https://br-production-assets.s3.amazonaws.com/uploads/candidate/headshot/251571/thumb_251571.jpg,MAYA HODARI,MAYA HODARI,For Alderman 20th Ward,131.0,MAYA HODARI
251573,368,Charles,Hilliard,"[{'name': 'Nonpartisan', 'short_name': 'NP', 'id': 41}]",,charles-hilliard,,CHARLES HILLIARD,CHARLES HILLIARD,For Alderman 20th Ward,135.0,CHARLES HILLIARD
251574,368,Clifton,Pierce,"[{'name': 'Nonpartisan', 'short_name': 'NP', 'id': 41}]",https://br-production-assets.s3.amazonaws.com/uploads/candidate/headshot/251574/251574.jpg,clifton-pierce,https://br-production-assets.s3.amazonaws.com/uploads/candidate/headshot/251574/thumb_251574.jpg,CLIFTON PIERCE,,,,
251575,368,Sheila,Scott,"[{'name': 'Nonpartisan', 'short_name': 'NP', 'id': 41}]",,sheila-r-scott,,SHEILA SCOTT,,,,
251576,368,Jennifer,Maddox,"[{'name': 'Nonpartisan', 'short_name': 'NP', 'id': 41}]",https://br-production-assets.s3.amazonaws.com/uploads/candidate/headshot/251576/251576.jpg,jennifer-o-maddox,https://br-production-assets.s3.amazonaws.com/uploads/candidate/headshot/251576/thumb_251576.jpg,JENNIFER MADDOX,JENNIFER O. MADDOX,For Alderman 20th Ward,146.0,JENNIFER O. MADDOX
251577,368,Cassius,Rudolph,"[{'name': 'Nonpartisan', 'short_name': 'NP', 'id': 41}]",https://br-production-assets.s3.amazonaws.com/uploads/candidate/headshot/251577/251577.jpg,cassius-l-rudolph,https://br-production-assets.s3.amazonaws.com/uploads/candidate/headshot/251577/thumb_251577.jpg,CASSIUS RUDOLPH,,,,
251578,368,Andre,Smith,"[{'name': 'Nonpartisan', 'short_name': 'NP', 'id': 41}]",https://br-production-assets.s3.amazonaws.com/uploads/candidate/headshot/251578/251578.jpg,andre-smith,https://br-production-assets.s3.amazonaws.com/uploads/candidate/headshot/251578/thumb_251578.jpg,ANDRE SMITH,ANDRE SMITH,For Alderman 20th Ward,196.0,ANDRE SMITH
251579,368,Dernard,Newell,"[{'name': 'Nonpartisan', 'short_name': 'NP', 'id': 41}]",https://br-production-assets.s3.amazonaws.com/uploads/candidate/headshot/251579/251579.jpg,dernard-d-newell,https://br-production-assets.s3.amazonaws.com/uploads/candidate/headshot/251579/thumb_251579.jpg,DERNARD NEWELL,DERNARD D. NEWELL,For Alderman 20th Ward,194.0,DERNARD D. NEWELL
251580,368,Quandra,Speights,"[{'name': 'Nonpartisan', 'short_name': 'NP', 'id': 41}]",https://br-production-assets.s3.amazonaws.com/uploads/candidate/headshot/251580/251580.jpg,quandra-v-speights,https://br-production-assets.s3.amazonaws.com/uploads/candidate/headshot/251580/thumb_251580.jpg,QUANDRA SPEIGHTS,QUANDRA V. SPEIGHTS,For Alderman 20th Ward,211.0,QUANDRA V. SPEIGHTS
251581,368,Kevin,Bailey,"[{'name': 'Nonpartisan', 'short_name': 'NP', 'id': 41}]",https://br-production-assets.s3.amazonaws.com/uploads/candidate/headshot/251581/251581.jpg,kevin-m-bailey,https://br-production-assets.s3.amazonaws.com/uploads/candidate/headshot/251581/thumb_251581.jpg,KEVIN BAILEY,KEVIN M. BAILEY,For Alderman 20th Ward,183.0,KEVIN M. BAILEY
251582,368,Anthony,Driver,"[{'name': 'Nonpartisan', 'short_name': 'NP', 'id': 41}]",https://br-production-assets.s3.amazonaws.com/uploads/candidate/headshot/251582/251582.jpg,anthony-driver-jr,https://br-production-assets.s3.amazonaws.com/uploads/candidate/headshot/251582/thumb_251582.jpg,ANTHONY DRIVER,"ANTHONY DRIVER, JR.",For Alderman 20th Ward,191.0,"ANTHONY DRIVER, JR."
251584,368,Howard,Brookins,"[{'name': 'Nonpartisan', 'short_name': 'NP', 'id': 41}]",https://br-production-assets.s3.amazonaws.com/uploads/candidate/headshot/251584/251584.jpg,howard-b-brookins-jr-62489abf-8a89-4baf-ba4d-38e6cb8faaad,https://br-production-assets.s3.amazonaws.com/uploads/candidate/headshot/251584/thumb_251584.jpg,HOWARD BROOKINS,"HOWARD B. BROOKINS, JR.",For Alderman 21st Ward,75.0,"HOWARD B. BROOKINS, JR."
251586,368,Marvin,Mcneil,"[{'name': 'Nonpartisan', 'short_name': 'NP', 'id': 41}]",https://br-production-assets.s3.amazonaws.com/uploads/candidate/headshot/251586/251586.jpg,marvin-mcneil,https://br-production-assets.s3.amazonaws.com/uploads/candidate/headshot/251586/thumb_251586.jpg,MARVIN MCNEIL,MARVIN MCNEIL,For Alderman 21st Ward,143.0,MARVIN MCNEIL
251587,368,Patricia,Foster,"[{'name': 'Nonpartisan', 'short_name': 'NP', 'id': 41}]",,patricia-a-foster,,PATRICIA FOSTER,PATRICIA A. FOSTER,For Alderman 21st Ward,188.0,PATRICIA A. FOSTER
251588,368,Joseph,Ziegler,"[{'name': 'Nonpartisan', 'short_name': 'NP', 'id': 41}]",https://br-production-assets.s3.amazonaws.com/uploads/candidate/headshot/251588/251588.jpg,joseph-c-ziegler-jr,https://br-production-assets.s3.amazonaws.com/uploads/candidate/headshot/251588/thumb_251588.jpg,JOSEPH ZIEGLER,"JOSEPH C. ZIEGLER, JR.",For Alderman 21st Ward,235.0,"JOSEPH C. ZIEGLER, JR."
251589,368,Michael,Rodriguez,"[{'name': 'Nonpartisan', 'short_name': 'NP', 'id': 41}]",https://br-production-assets.s3.amazonaws.com/uploads/candidate/headshot/251589/251589.jpg,michael-d-rodriguez,https://br-production-assets.s3.amazonaws.com/uploads/candidate/headshot/251589/thumb_251589.jpg,MICHAEL RODRIGUEZ,MICHAEL D. RODRIGUEZ,For Alderman 22nd Ward,109.0,MICHAEL D. RODRIGUEZ
251590,368,Lisette,Lopez,"[{'name': 'Nonpartisan', 'short_name': 'NP', 'id': 41}]",https://br-production-assets.s3.amazonaws.com/uploads/candidate/headshot/251590/251590.jpg,lisette-lopez,https://br-production-assets.s3.amazonaws.com/uploads/candidate/headshot/251590/thumb_251590.jpg,LISETTE LOPEZ,"LISETTE ""LIZ"" LOPEZ",For Alderman 22nd Ward,60.0,"LISETTE ""LIZ"" LOPEZ"
251591,368,Richard,Juarez,"[{'name': 'Nonpartisan', 'short_name': 'NP', 'id': 41}]",https://br-production-assets.s3.amazonaws.com/uploads/candidate/headshot/251591/251591.jpg,richard-juarez,https://br-production-assets.s3.amazonaws.com/uploads/candidate/headshot/251591/thumb_251591.jpg,RICHARD JUAREZ,RICHARD JUAREZ,For Alderman 22nd Ward,95.0,RICHARD JUAREZ
251592,368,Neftalie,Gonzalez,"[{'name': 'Nonpartisan', 'short_name': 'NP', 'id': 41}]",https://br-production-assets.s3.amazonaws.com/uploads/candidate/headshot/251592/251592.jpg,neftalie-gonzalez,https://br-production-assets.s3.amazonaws.com/uploads/candidate/headshot/251592/thumb_251592.jpg,NEFTALIE GONZALEZ,NEFTALIE GONZALEZ,For Alderman 22nd Ward,101.0,NEFTALIE GONZALEZ
251593,368,Silvana,Tabares,"[{'name': 'Nonpartisan', 'short_name': 'NP', 'id': 41}]",https://br-production-assets.s3.amazonaws.com/uploads/candidate/headshot/251593/251593.jpg,silvana-tabares-14ff3cef-9373-4a19-89de-34958194b307,https://br-production-assets.s3.amazonaws.com/uploads/candidate/headshot/251593/thumb_251593.jpg,SILVANA TABARES,SILVANA TABARES,For Alderman 23rd Ward,32.0,SILVANA TABARES
251594,368,Paulino,Villarreal,"[{'name': 'Nonpartisan', 'short_name': 'NP', 'id': 41}]",https://br-production-assets.s3.amazonaws.com/uploads/candidate/headshot/251594/251594.jpg,paulino-r-villarreal-jr,https://br-production-assets.s3.amazonaws.com/uploads/candidate/headshot/251594/thumb_251594.jpg,PAULINO VILLARREAL,"PAULINO R. VILLARREAL, JR.",For Alderman 23rd Ward,120.0,"PAULINO R. VILLARREAL, JR."
251598,368,Creative,Scott,"[{'name': 'Nonpartisan', 'short_name': 'NP', 'id': 41}]",https://br-production-assets.s3.amazonaws.com/uploads/candidate/headshot/251598/251598.jpg,creative-scott,https://br-production-assets.s3.amazonaws.com/uploads/candidate/headshot/251598/thumb_251598.jpg,CREATIVE SCOTT,CREATIVE SCOTT,For Alderman 24th Ward,5.0,CREATIVE SCOTT
251599,368,Michael,Scott,"[{'name': 'Nonpartisan', 'short_name': 'NP', 'id': 41}]",https://br-production-assets.s3.amazonaws.com/uploads/candidate/headshot/251599/251599.jpg,michael-scott-jr,https://br-production-assets.s3.amazonaws.com/uploads/candidate/headshot/251599/thumb_251599.jpg,MICHAEL SCOTT,"MICHAEL  SCOTT, JR.",For Alderman 24th Ward,41.0,"MICHAEL  SCOTT, JR."
251600,368,Toriano,Sanzone,"[{'name': 'Nonpartisan', 'short_name': 'NP', 'id': 41}]",https://br-production-assets.s3.amazonaws.com/uploads/candidate/headshot/251600/251600.jpg,toriano-a-sanzone,https://br-production-assets.s3.amazonaws.com/uploads/candidate/headshot/251600/thumb_251600.jpg,TORIANO SANZONE,TORIANO A. SANZONE,For Alderman 24th Ward,147.0,TORIANO A. SANZONE
251602,368,Larry,Nelson,"[{'name': 'Nonpartisan', 'short_name': 'NP', 'id': 41}]",https://br-production-assets.s3.amazonaws.com/uploads/candidate/headshot/251602/251602.jpg,larry-g-nelson,https://br-production-assets.s3.amazonaws.com/uploads/candidate/headshot/251602/thumb_251602.jpg,LARRY NELSON,,,,
251603,368,Patricia,Marshall,"[{'name': 'Nonpartisan', 'short_name': 'NP', 'id': 41}]",https://br-production-assets.s3.amazonaws.com/uploads/candidate/headshot/251603/251603.jpg,patricia-marshall,https://br-production-assets.s3.amazonaws.com/uploads/candidate/headshot/251603/thumb_251603.jpg,PATRICIA MARSHALL,(PAT) PATRICIA MARSHALL,For Alderman 24th Ward,192.0,(PAT) PATRICIA MARSHALL
251604,368,Traci,Johnson,"[{'name': 'Nonpartisan', 'short_name': 'NP', 'id': 41}]",https://br-production-assets.s3.amazonaws.com/uploads/candidate/headshot/251604/251604.jpg,traci-johnson,https://br-production-assets.s3.amazonaws.com/uploads/candidate/headshot/251604/thumb_251604.jpg,TRACI JOHNSON,"TRACI ""TREASURE"" JOHNSON",For Alderman 24th Ward,199.0,"TRACI ""TREASURE"" JOHNSON"
251605,368,Hilario,Dominguez,"[{'name': 'Nonpartisan', 'short_name': 'NP', 'id': 41}]",https://br-production-assets.s3.amazonaws.com/uploads/candidate/headshot/251605/251605.jpg,hilario-dominguez,https://br-production-assets.s3.amazonaws.com/uploads/candidate/headshot/251605/thumb_251605.jpg,HILARIO DOMINGUEZ,HILARIO DOMINGUEZ,For Alderman 25th Ward,80.0,HILARIO DOMINGUEZ
251606,368,Alexander,Acevedo,"[{'name': 'Nonpartisan', 'short_name': 'NP', 'id': 41}]",https://br-production-assets.s3.amazonaws.com/uploads/candidate/headshot/251606/251606.jpg,alexander-acevedo,https://br-production-assets.s3.amazonaws.com/uploads/candidate/headshot/251606/thumb_251606.jpg,ALEXANDER ACEVEDO,"ALEXANDER ""ALEX"" ACEVEDO",For Alderman 25th Ward,78.0,"ALEXANDER ""ALEX"" ACEVEDO"
251607,368,Troy,Hernandez,"[{'name': 'Nonpartisan', 'short_name': 'NP', 'id': 41}]",https://br-production-assets.s3.amazonaws.com/uploads/candidate/headshot/251607/251607.jpg,troy-antonio-hernandez,https://br-production-assets.s3.amazonaws.com/uploads/candidate/headshot/251607/thumb_251607.jpg,TROY HERNANDEZ,TROY ANTONIO HERNANDEZ,For Alderman 25th Ward,73.0,TROY ANTONIO HERNANDEZ
251608,368,Byron,Sigcho-Lopez,"[{'name': 'Nonpartisan', 'short_name': 'NP', 'id': 41}]",https://br-production-assets.s3.amazonaws.com/uploads/candidate/headshot/251608/251608.jpg,byron-sigcho-lopez,https://br-production-assets.s3.amazonaws.com/uploads/candidate/headshot/251608/thumb_251608.jpg,BYRON SIGCHO-LOPEZ,BYRON SIGCHO-LOPEZ,For Alderman 25th Ward,68.0,BYRON SIGCHO-LOPEZ
251609,368,Aida,Flores,"[{'name': 'Nonpartisan', 'short_name': 'NP', 'id': 41}]",https://br-production-assets.s3.amazonaws.com/uploads/candidate/headshot/251609/251609.jpg,aida-flores,https://br-production-assets.s3.amazonaws.com/uploads/candidate/headshot/251609/thumb_251609.jpg,AIDA FLORES,AIDA FLORES,For Alderman 25th Ward,59.0,AIDA FLORES
251610,368,Theresa,Siaw,"[{'name': 'Nonpartisan', 'short_name': 'NP', 'id': 41}]",https://br-production-assets.s3.amazonaws.com/uploads/candidate/headshot/251610/251610.jpg,theresa-siaw,https://br-production-assets.s3.amazonaws.com/uploads/candidate/headshot/251610/thumb_251610.jpg,THERESA SIAW,THERESA SIAW,For Alderman 26th Ward,107.0,THERESA SIAW
251611,368,Roberto,Maldonado,"[{'name': 'Nonpartisan', 'short_name': 'NP', 'id': 41}]",https://br-production-assets.s3.amazonaws.com/uploads/candidate/headshot/251611/251611.jpg,roberto-maldonado,https://br-production-assets.s3.amazonaws.com/uploads/candidate/headshot/251611/thumb_251611.jpg,ROBERTO MALDONADO,ROBERTO MALDONADO,For Alderman 26th Ward,33.0,ROBERTO MALDONADO
251612,368,David,Herrera,"[{'name': 'Nonpartisan', 'short_name': 'NP', 'id': 41}]",https://br-production-assets.s3.amazonaws.com/uploads/candidate/headshot/251612/251612.jpg,david-herrera,https://br-production-assets.s3.amazonaws.com/uploads/candidate/headshot/251612/thumb_251612.jpg,DAVID HERRERA,,,,
251613,368,Angee,Gonzalez,"[{'name': 'Nonpartisan', 'short_name': 'NP', 'id': 41}]",https://br-production-assets.s3.amazonaws.com/uploads/candidate/headshot/251613/251613.jpg,angee-gonzalez,https://br-production-assets.s3.amazonaws.com/uploads/candidate/headshot/251613/thumb_251613.jpg,ANGEE GONZALEZ,ANGEE GONZALEZ,For Alderman 26th Ward,234.0,ANGEE GONZALEZ
251615,368,Walter,Burnett,"[{'name': 'Nonpartisan', 'short_name': 'NP', 'id': 41}]",https://br-production-assets.s3.amazonaws.com/uploads/candidate/headshot/251615/251615.jpg,walter-burnett-jr,https://br-production-assets.s3.amazonaws.com/uploads/candidate/headshot/251615/thumb_251615.jpg,WALTER BURNETT,"WALTER BURNETT, JR.",For Alderman 27th Ward,28.0,"WALTER BURNETT, JR."
251616,368,Cynthia,Bednarz,"[{'name': 'Nonpartisan', 'short_name': 'NP', 'id': 41}]",https://br-production-assets.s3.amazonaws.com/uploads/candidate/headshot/251616/251616.jpg,cynthia-d-bednarz,https://br-production-assets.s3.amazonaws.com/uploads/candidate/headshot/251616/thumb_251616.jpg,CYNTHIA BEDNARZ,CYNTHIA D. BEDNARZ,For Alderman 27th Ward,186.0,CYNTHIA D. BEDNARZ
251617,368,Miguel,Bautista,"[{'name': 'Nonpartisan', 'short_name': 'NP', 'id': 41}]",https://br-production-assets.s3.amazonaws.com/uploads/candidate/headshot/251617/251617.jpg,miguel-bautista,https://br-production-assets.s3.amazonaws.com/uploads/candidate/headshot/251617/thumb_251617.jpg,MIGUEL BAUTISTA,MIGUEL BAUTISTA,For Alderman 28th Ward,46.0,MIGUEL BAUTISTA
251618,368,Jason,Ervin,"[{'name': 'Nonpartisan', 'short_name': 'NP', 'id': 41}]",https://br-production-assets.s3.amazonaws.com/uploads/candidate/headshot/251618/251618.jpg,jason-c-ervin,https://br-production-assets.s3.amazonaws.com/uploads/candidate/headshot/251618/thumb_251618.jpg,JASON ERVIN,JASON C. ERVIN,For Alderman 28th Ward,70.0,JASON C. ERVIN
251619,368,Jasmine,Jackson,"[{'name': 'Nonpartisan', 'short_name': 'NP', 'id': 41}]",,jasmine-jackson,,JASMINE JACKSON,JASMINE JACKSON,For Alderman 28th Ward,128.0,JASMINE JACKSON
251621,368,Beverly,Miles,"[{'name': 'Nonpartisan', 'short_name': 'NP', 'id': 41}]",https://br-production-assets.s3.amazonaws.com/uploads/candidate/headshot/251621/251621.jpg,beverly-miles-204f9bd8-2176-412e-9478-997eb4cd0a1d,https://br-production-assets.s3.amazonaws.com/uploads/candidate/headshot/251621/thumb_251621.jpg,BEVERLY MILES,BEVERLY MILES,For Alderman 28th Ward,204.0,BEVERLY MILES
251623,368,Dwayne,Truss,"[{'name': 'Nonpartisan', 'short_name': 'NP', 'id': 41}]",https://br-production-assets.s3.amazonaws.com/uploads/candidate/headshot/251623/251623.jpg,dwayne-truss,https://br-production-assets.s3.amazonaws.com/uploads/candidate/headshot/251623/thumb_251623.jpg,DWAYNE TRUSS,DWAYNE TRUSS,For Alderman 29th Ward,21.0,DWAYNE TRUSS
251624,368,Chris,Taliaferro,"[{'name': 'Nonpartisan', 'short_name': 'NP', 'id': 41}]",https://br-production-assets.s3.amazonaws.com/uploads/candidate/headshot/251624/251624.jpg,chris-taliaferro,https://br-production-assets.s3.amazonaws.com/uploads/candidate/headshot/251624/thumb_251624.jpg,CHRIS TALIAFERRO,CHRIS TALIAFERRO,For Alderman 29th Ward,71.0,CHRIS TALIAFERRO
251625,368,Gayinga,Washington,"[{'name': 'Nonpartisan', 'short_name': 'NP', 'id': 41}]",,gayinga-washington,,GAYINGA WASHINGTON,,,,
251626,368,Zerlina,Smith,"[{'name': 'Nonpartisan', 'short_name': 'NP', 'id': 41}]",https://br-production-assets.s3.amazonaws.com/uploads/candidate/headshot/251626/251626.jpg,zerlina-a-smith,https://br-production-assets.s3.amazonaws.com/uploads/candidate/headshot/251626/thumb_251626.jpg,ZERLINA SMITH,ZERLINA A. SMITH,For Alderman 29th Ward,201.0,ZERLINA A. SMITH
251627,368,Jessica,Gutierrez,"[{'name': 'Nonpartisan', 'short_name': 'NP', 'id': 41}]",https://br-production-assets.s3.amazonaws.com/uploads/candidate/headshot/251627/251627.jpg,jessica-w-gutierrez,https://br-production-assets.s3.amazonaws.com/uploads/candidate/headshot/251627/thumb_251627.jpg,JESSICA GUTIERREZ,JESSICA W. GUTIERREZ,For Alderman 30th Ward,42.0,JESSICA W. GUTIERREZ
251628,368,Ariel,Reboyras,"[{'name': 'Nonpartisan', 'short_name': 'NP', 'id': 41}]",https://br-production-assets.s3.amazonaws.com/uploads/candidate/headshot/251628/251628.jpg,ariel-e-reboyras,https://br-production-assets.s3.amazonaws.com/uploads/candidate/headshot/251628/thumb_251628.jpg,ARIEL REBOYRAS,ARIEL E. REBOYRAS,For Alderman 30th Ward,9.0,ARIEL E. REBOYRAS
251629,368,Edgar,Esparza,"[{'name': 'Nonpartisan', 'short_name': 'NP', 'id': 41}]",https://br-production-assets.s3.amazonaws.com/uploads/candidate/headshot/251629/251629.jpg,edgar-esparza,https://br-production-assets.s3.amazonaws.com/uploads/candidate/headshot/251629/thumb_251629.jpg,EDGAR ESPARZA,"EDGAR ""EDEK"" ESPARZA",For Alderman 30th Ward,149.0,"EDGAR ""EDEK"" ESPARZA"
251630,368,Colin,Bird-Martinez,"[{'name': 'Nonpartisan', 'short_name': 'NP', 'id': 41}]",https://br-production-assets.s3.amazonaws.com/uploads/candidate/headshot/251630/251630.jpg,colin-bird-martinez,https://br-production-assets.s3.amazonaws.com/uploads/candidate/headshot/251630/thumb_251630.jpg,COLIN BIRD-MARTINEZ,COLIN BIRD-MARTINEZ,For Alderman 31st Ward,108.0,COLIN BIRD-MARTINEZ
251631,368,Milagros,Santiago,"[{'name': 'Nonpartisan', 'short_name': 'NP', 'id': 41}]",https://br-production-assets.s3.amazonaws.com/uploads/candidate/headshot/251631/251631.jpg,milagros-santiago,https://br-production-assets.s3.amazonaws.com/uploads/candidate/headshot/251631/thumb_251631.jpg,MILAGROS SANTIAGO,"MILAGROS ""MILLY"" SANTIAGO",For Alderman 31st Ward,57.0,"MILAGROS ""MILLY"" SANTIAGO"
251632,368,Felix,Cardona,"[{'name': 'Nonpartisan', 'short_name': 'NP', 'id': 41}]",https://br-production-assets.s3.amazonaws.com/uploads/candidate/headshot/251632/251632.jpg,felix-cardona-jr,https://br-production-assets.s3.amazonaws.com/uploads/candidate/headshot/251632/thumb_251632.jpg,FELIX CARDONA,FELIX CARDONA JR.,For Alderman 31st Ward,29.0,FELIX CARDONA JR.
251634,368,Scott,Waguespack,"[{'name': 'Nonpartisan', 'short_name': 'NP', 'id': 41}]",https://br-production-assets.s3.amazonaws.com/uploads/candidate/headshot/251634/251634.jpg,scott-waguespack,https://br-production-assets.s3.amazonaws.com/uploads/candidate/headshot/251634/thumb_251634.jpg,SCOTT WAGUESPACK,SCOTT WAGUESPACK,For Alderman 32nd Ward,122.0,SCOTT WAGUESPACK
251635,368,Katie,Sieracki,"[{'name': 'Nonpartisan', 'short_name': 'NP', 'id': 41}]",https://br-production-assets.s3.amazonaws.com/uploads/candidate/headshot/251635/251635.jpg,katie-sieracki,https://br-production-assets.s3.amazonaws.com/uploads/candidate/headshot/251635/thumb_251635.jpg,KATIE SIERACKI,KATIE SIERACKI,For Alderman 33rd Ward,94.0,KATIE SIERACKI
251636,368,Rossana,Sanchez,"[{'name': 'Nonpartisan', 'short_name': 'NP', 'id': 41}]",https://br-production-assets.s3.amazonaws.com/uploads/candidate/headshot/251636/251636.jpg,rossana-rodriguez-sanchez,https://br-production-assets.s3.amazonaws.com/uploads/candidate/headshot/251636/thumb_251636.jpg,ROSSANA SANCHEZ,ROSSANA RODRIGUEZ SANCHEZ,For Alderman 33rd Ward,23.0,ROSSANA RODRIGUEZ SANCHEZ
251637,368,Deborah,Mell,"[{'name': 'Nonpartisan', 'short_name': 'NP', 'id': 41}]",https://br-production-assets.s3.amazonaws.com/uploads/candidate/headshot/251637/251637.jpg,deborah-l-mell,https://br-production-assets.s3.amazonaws.com/uploads/candidate/headshot/251637/thumb_251637.jpg,DEBORAH MELL,DEBORAH L. MELL,For Alderman 33rd Ward,27.0,DEBORAH L. MELL
251639,368,Carrie,Austin,"[{'name': 'Nonpartisan', 'short_name': 'NP', 'id': 41}]",https://br-production-assets.s3.amazonaws.com/uploads/candidate/headshot/251639/251639.jpg,carrie-m-austin-d644bd15-b592-4b64-a506-d7c5125aa979,https://br-production-assets.s3.amazonaws.com/uploads/candidate/headshot/251639/thumb_251639.jpg,CARRIE AUSTIN,CARRIE M. AUSTIN,For Alderman 34th Ward,3.0,CARRIE M. AUSTIN
251640,368,Preston,Brown,"[{'name': 'Nonpartisan', 'short_name': 'NP', 'id': 41}]",https://br-production-assets.s3.amazonaws.com/uploads/candidate/headshot/251640/251640.jpg,preston-brown-jr,https://br-production-assets.s3.amazonaws.com/uploads/candidate/headshot/251640/thumb_251640.jpg,PRESTON BROWN,PRESTON BROWN JR,For Alderman 34th Ward,148.0,PRESTON BROWN JR
251641,368,Amanda,Dieterich,"[{'name': 'Nonpartisan', 'short_name': 'NP', 'id': 41}]",https://br-production-assets.s3.amazonaws.com/uploads/candidate/headshot/251641/251641.jpg,amanda-yu-dieterich,https://br-production-assets.s3.amazonaws.com/uploads/candidate/headshot/251641/thumb_251641.jpg,AMANDA DIETERICH,AMANDA YU DIETERICH,For Alderman 35th Ward,38.0,AMANDA YU DIETERICH
251642,368,Carlos,Ramirez-Rosa,"[{'name': 'Nonpartisan', 'short_name': 'NP', 'id': 41}]",https://br-production-assets.s3.amazonaws.com/uploads/candidate/headshot/251642/251642.jpg,carlos-ramirez-rosa,https://br-production-assets.s3.amazonaws.com/uploads/candidate/headshot/251642/thumb_251642.jpg,CARLOS RAMIREZ-ROSA,CARLOS  RAMIREZ-ROSA,For Alderman 35th Ward,66.0,CARLOS  RAMIREZ-ROSA
251645,368,Gilbert,Villegas,"[{'name': 'Nonpartisan', 'short_name': 'NP', 'id': 41}]",https://br-production-assets.s3.amazonaws.com/uploads/candidate/headshot/251645/251645.jpg,gilbert-villegas,https://br-production-assets.s3.amazonaws.com/uploads/candidate/headshot/251645/thumb_251645.jpg,GILBERT VILLEGAS,GILBERT VILLEGAS,For Alderman 36th Ward,61.0,GILBERT VILLEGAS
251646,368,Emma,Mitts,"[{'name': 'Nonpartisan', 'short_name': 'NP', 'id': 41}]",https://br-production-assets.s3.amazonaws.com/uploads/candidate/headshot/251646/251646.jpg,emma-m-mitts,https://br-production-assets.s3.amazonaws.com/uploads/candidate/headshot/251646/thumb_251646.jpg,EMMA MITTS,EMMA M. MITTS,For Alderman 37th Ward,6.0,EMMA M. MITTS
251647,368,Tara,Stamps,"[{'name': 'Nonpartisan', 'short_name': 'NP', 'id': 41}]",https://br-production-assets.s3.amazonaws.com/uploads/candidate/headshot/251647/251647.jpg,tara-stamps,https://br-production-assets.s3.amazonaws.com/uploads/candidate/headshot/251647/thumb_251647.jpg,TARA STAMPS,TARA STAMPS,For Alderman 37th Ward,184.0,TARA STAMPS
251649,368,Deondre,Rutues,"[{'name': 'Nonpartisan', 'short_name': 'NP', 'id': 41}]",https://br-production-assets.s3.amazonaws.com/uploads/candidate/headshot/251649/251649.jpg,deondre-rutues,https://br-production-assets.s3.amazonaws.com/uploads/candidate/headshot/251649/thumb_251649.jpg,DEONDRE RUTUES,DEONDRE RUTUES,For Alderman 37th Ward,207.0,DEONDRE RUTUES
251650,368,Nicholas,Sposato,"[{'name': 'Nonpartisan', 'short_name': 'NP', 'id': 41}]",https://br-production-assets.s3.amazonaws.com/uploads/candidate/headshot/251650/251650.jpg,nicholas-sposato,https://br-production-assets.s3.amazonaws.com/uploads/candidate/headshot/251650/thumb_251650.jpg,NICHOLAS SPOSATO,NICHOLAS SPOSATO,For Alderman 38th Ward,115.0,NICHOLAS SPOSATO
251652,368,Robert,Murphy,"[{'name': 'Nonpartisan', 'short_name': 'NP', 'id': 41}]",https://br-production-assets.s3.amazonaws.com/uploads/candidate/headshot/251652/251652.jpg,robert-murphy-94f8d5e6-b3bb-4e53-bc2b-25a97ae92129,https://br-production-assets.s3.amazonaws.com/uploads/candidate/headshot/251652/thumb_251652.jpg,ROBERT MURPHY,ROBERT MURPHY,For Alderman 39th Ward,104.0,ROBERT MURPHY
251653,368,Samantha,Nugent,"[{'name': 'Nonpartisan', 'short_name': 'NP', 'id': 41}]",https://br-production-assets.s3.amazonaws.com/uploads/candidate/headshot/251653/251653.jpg,samantha-nugent,https://br-production-assets.s3.amazonaws.com/uploads/candidate/headshot/251653/thumb_251653.jpg,SAMANTHA NUGENT,"SAMANTHA ""SAM"" NUGENT",For Alderman 39th Ward,90.0,"SAMANTHA ""SAM"" NUGENT"
251655,368,Casey,Smagala,"[{'name': 'Nonpartisan', 'short_name': 'NP', 'id': 41}]",https://br-production-assets.s3.amazonaws.com/uploads/candidate/headshot/251655/251655.jpg,casey-smagala,https://br-production-assets.s3.amazonaws.com/uploads/candidate/headshot/251655/thumb_251655.jpg,CASEY SMAGALA,CASEY SMAGALA,For Alderman 39th Ward,233.0,CASEY SMAGALA
251656,368,Joe,Duplechin,"[{'name': 'Nonpartisan', 'short_name': 'NP', 'id': 41}]",https://br-production-assets.s3.amazonaws.com/uploads/candidate/headshot/251656/251656.jpg,joe-duplechin,https://br-production-assets.s3.amazonaws.com/uploads/candidate/headshot/251656/thumb_251656.jpg,JOE DUPLECHIN,JOE DUPLECHIN,For Alderman 39th Ward,181.0,JOE DUPLECHIN
251657,368,Ugo,Okere,"[{'name': 'Nonpartisan', 'short_name': 'NP', 'id': 41}]",https://br-production-assets.s3.amazonaws.com/uploads/candidate/headshot/251657/251657.jpg,ugo-okere,https://br-production-assets.s3.amazonaws.com/uploads/candidate/headshot/251657/thumb_251657.jpg,UGO OKERE,UGO OKERE,For Alderman 40th Ward,106.0,UGO OKERE
251658,368,Dianne,Daleiden,"[{'name': 'Nonpartisan', 'short_name': 'NP', 'id': 41}]",https://br-production-assets.s3.amazonaws.com/uploads/candidate/headshot/251658/251658.jpg,dianne-daleiden,https://br-production-assets.s3.amazonaws.com/uploads/candidate/headshot/251658/thumb_251658.jpg,DIANNE DALEIDEN,DIANNE DALEIDEN,For Alderman 40th Ward,89.0,DIANNE DALEIDEN
251659,368,André,Vasquez,"[{'name': 'Nonpartisan', 'short_name': 'NP', 'id': 41}]",https://br-production-assets.s3.amazonaws.com/uploads/candidate/headshot/251659/251659.jpg,andre-vasquez,https://br-production-assets.s3.amazonaws.com/uploads/candidate/headshot/251659/thumb_251659.jpg,ANDRÉ VASQUEZ,ANDRÉ VASQUEZ,For Alderman 40th Ward,96.0,ANDRÉ VASQUEZ
251660,368,Patrick,O'Connor,"[{'name': 'Nonpartisan', 'short_name': 'NP', 'id': 41}]",https://br-production-assets.s3.amazonaws.com/uploads/candidate/headshot/251660/251660.jpg,patrick-j-o-connor-0f1ead8d-e2c6-46ef-8377-47bcaff7b9c7,https://br-production-assets.s3.amazonaws.com/uploads/candidate/headshot/251660/thumb_251660.jpg,PATRICK O'CONNOR,PATRICK J. O'CONNOR,For Alderman 40th Ward,43.0,PATRICK J. O'CONNOR
251661,368,Maggie,O'Keefe,"[{'name': 'Nonpartisan', 'short_name': 'NP', 'id': 41}]",https://br-production-assets.s3.amazonaws.com/uploads/candidate/headshot/251661/251661.jpg,maggie-o-keefe,https://br-production-assets.s3.amazonaws.com/uploads/candidate/headshot/251661/thumb_251661.jpg,MAGGIE O'KEEFE,MAGGIE O'KEEFE,For Alderman 40th Ward,130.0,MAGGIE O'KEEFE
251662,368,Tim,Heneghan,"[{'name': 'Nonpartisan', 'short_name': 'NP', 'id': 41}]",https://br-production-assets.s3.amazonaws.com/uploads/candidate/headshot/251662/251662.jpg,tim-heneghan,https://br-production-assets.s3.amazonaws.com/uploads/candidate/headshot/251662/thumb_251662.jpg,TIM HENEGHAN,TIM HENEGHAN,For Alderman 41st Ward,50.0,TIM HENEGHAN
251663,368,Anthony,Napolitano,"[{'name': 'Nonpartisan', 'short_name': 'NP', 'id': 41}]",https://br-production-assets.s3.amazonaws.com/uploads/candidate/headshot/251663/251663.jpg,anthony-v-napolitano,https://br-production-assets.s3.amazonaws.com/uploads/candidate/headshot/251663/thumb_251663.jpg,ANTHONY NAPOLITANO,ANTHONY V. NAPOLITANO,For Alderman 41st Ward,49.0,ANTHONY V. NAPOLITANO
251664,368,Brendan,Reilly,"[{'name': 'Nonpartisan', 'short_name': 'NP', 'id': 41}]",https://br-production-assets.s3.amazonaws.com/uploads/candidate/headshot/251664/251664.jpg,brendan-reilly,https://br-production-assets.s3.amazonaws.com/uploads/candidate/headshot/251664/thumb_251664.jpg,BRENDAN REILLY,BRENDAN REILLY,For Alderman 42nd Ward,17.0,BRENDAN REILLY
251665,368,Derek,Lindblom,"[{'name': 'Nonpartisan', 'short_name': 'NP', 'id': 41}]",https://br-production-assets.s3.amazonaws.com/uploads/candidate/headshot/251665/251665.jpg,derek-lindblom,https://br-production-assets.s3.amazonaws.com/uploads/candidate/headshot/251665/thumb_251665.jpg,DEREK LINDBLOM,DEREK LINDBLOM,For Alderman 43rd Ward,58.0,DEREK LINDBLOM
251666,368,Michele,Smith,"[{'name': 'Nonpartisan', 'short_name': 'NP', 'id': 41}]",https://br-production-assets.s3.amazonaws.com/uploads/candidate/headshot/251666/251666.jpg,michele-smith,https://br-production-assets.s3.amazonaws.com/uploads/candidate/headshot/251666/thumb_251666.jpg,MICHELE SMITH,MICHELE SMITH,For Alderman 43rd Ward,56.0,MICHELE SMITH
251667,368,Leslie,Fox,"[{'name': 'Nonpartisan', 'short_name': 'NP', 'id': 41}]",https://br-production-assets.s3.amazonaws.com/uploads/candidate/headshot/251667/251667.jpg,leslie-fox,https://br-production-assets.s3.amazonaws.com/uploads/candidate/headshot/251667/thumb_251667.jpg,LESLIE FOX,LESLIE FOX,For Alderman 43rd Ward,87.0,LESLIE FOX
251668,368,Jacob,Ringer,"[{'name': 'Nonpartisan', 'short_name': 'NP', 'id': 41}]",https://br-production-assets.s3.amazonaws.com/uploads/candidate/headshot/251668/251668.jpg,jacob-ringer,https://br-production-assets.s3.amazonaws.com/uploads/candidate/headshot/251668/thumb_251668.jpg,JACOB RINGER,JACOB RINGER,For Alderman 43rd Ward,116.0,JACOB RINGER
251671,368,Rebecca,Janowitz,"[{'name': 'Nonpartisan', 'short_name': 'NP', 'id': 41}]",https://br-production-assets.s3.amazonaws.com/uploads/candidate/headshot/251671/251671.jpg,rebecca-janowitz,https://br-production-assets.s3.amazonaws.com/uploads/candidate/headshot/251671/thumb_251671.jpg,REBECCA JANOWITZ,REBECCA JANOWITZ,For Alderman 43rd Ward,173.0,REBECCA JANOWITZ
251672,368,Patrick,Shine,"[{'name': 'Nonpartisan', 'short_name': 'NP', 'id': 41}]",https://br-production-assets.s3.amazonaws.com/uploads/candidate/headshot/251672/251672.jpg,patrick-shine,https://br-production-assets.s3.amazonaws.com/uploads/candidate/headshot/251672/thumb_251672.jpg,PATRICK SHINE,,,,
251673,368,Tom,Tunney,"[{'name': 'Nonpartisan', 'short_name': 'NP', 'id': 41}]",https://br-production-assets.s3.amazonaws.com/uploads/candidate/headshot/251673/251673.jpg,tom-tunney,https://br-production-assets.s3.amazonaws.com/uploads/candidate/headshot/251673/thumb_251673.jpg,TOM TUNNEY,TOM TUNNEY,For Alderman 44th Ward,26.0,TOM TUNNEY
251674,368,Austin,Baidas,"[{'name': 'Nonpartisan', 'short_name': 'NP', 'id': 41}]",https://br-production-assets.s3.amazonaws.com/uploads/candidate/headshot/251674/251674.jpg,austin-baidas,https://br-production-assets.s3.amazonaws.com/uploads/candidate/headshot/251674/thumb_251674.jpg,AUSTIN BAIDAS,AUSTIN BAIDAS,For Alderman 44th Ward,52.0,AUSTIN BAIDAS
251675,368,Elizabeth,Shydlowski,"[{'name': 'Nonpartisan', 'short_name': 'NP', 'id': 41}]",https://br-production-assets.s3.amazonaws.com/uploads/candidate/headshot/251675/251675.jpg,elizabeth-shydlowski,https://br-production-assets.s3.amazonaws.com/uploads/candidate/headshot/251675/thumb_251675.jpg,ELIZABETH SHYDLOWSKI,ELIZABETH SHYDLOWSKI,For Alderman 44th Ward,176.0,ELIZABETH SHYDLOWSKI
251676,368,Marilyn,Morales,"[{'name': 'Nonpartisan', 'short_name': 'NP', 'id': 41}]",https://br-production-assets.s3.amazonaws.com/uploads/candidate/headshot/251676/251676.jpg,marilyn-morales,https://br-production-assets.s3.amazonaws.com/uploads/candidate/headshot/251676/thumb_251676.jpg,MARILYN MORALES,MARILYN MORALES,For Alderman 45th Ward,40.0,MARILYN MORALES
251677,368,John,Arena,"[{'name': 'Nonpartisan', 'short_name': 'NP', 'id': 41}]",https://br-production-assets.s3.amazonaws.com/uploads/candidate/headshot/251677/251677.jpg,john-s-arena,https://br-production-assets.s3.amazonaws.com/uploads/candidate/headshot/251677/thumb_251677.jpg,JOHN ARENA,JOHN S. ARENA,For Alderman 45th Ward,67.0,JOHN S. ARENA
251678,368,James,Gardiner,"[{'name': 'Nonpartisan', 'short_name': 'NP', 'id': 41}]",https://br-production-assets.s3.amazonaws.com/uploads/candidate/headshot/251678/251678.jpg,james-gardiner,https://br-production-assets.s3.amazonaws.com/uploads/candidate/headshot/251678/thumb_251678.jpg,JAMES GARDINER,"JAMES ""JIM"" GARDINER",For Alderman 45th Ward,34.0,"JAMES ""JIM"" GARDINER"
251679,368,Robert,Bank,"[{'name': 'Nonpartisan', 'short_name': 'NP', 'id': 41}]",https://br-production-assets.s3.amazonaws.com/uploads/candidate/headshot/251679/251679.jpg,robert-a-bank,https://br-production-assets.s3.amazonaws.com/uploads/candidate/headshot/251679/thumb_251679.jpg,ROBERT BANK,ROBERT A. BANK,For Alderman 45th Ward,180.0,ROBERT A. BANK
251680,368,Marianne,Lalonde,"[{'name': 'Nonpartisan', 'short_name': 'NP', 'id': 41}]",https://br-production-assets.s3.amazonaws.com/uploads/candidate/headshot/251680/251680.jpg,marianne-lalonde,https://br-production-assets.s3.amazonaws.com/uploads/candidate/headshot/251680/thumb_251680.jpg,MARIANNE LALONDE,MARIANNE LALONDE,For Alderman 46th Ward,25.0,MARIANNE LALONDE
251681,368,Erika,Francis,"[{'name': 'Nonpartisan', 'short_name': 'NP', 'id': 41}]",https://br-production-assets.s3.amazonaws.com/uploads/candidate/headshot/251681/251681.jpg,erika-wozniak-francis,https://br-production-assets.s3.amazonaws.com/uploads/candidate/headshot/251681/thumb_251681.jpg,ERIKA FRANCIS,ERIKA WOZNIAK FRANCIS,For Alderman 46th Ward,47.0,ERIKA WOZNIAK FRANCIS
251682,368,Justin,Kreindler,"[{'name': 'Nonpartisan', 'short_name': 'NP', 'id': 41}]",https://br-production-assets.s3.amazonaws.com/uploads/candidate/headshot/251682/251682.jpg,justin-kreindler,https://br-production-assets.s3.amazonaws.com/uploads/candidate/headshot/251682/thumb_251682.jpg,JUSTIN KREINDLER,JUSTIN KREINDLER,For Alderman 46th Ward,91.0,JUSTIN KREINDLER
251683,368,James,Cappleman,"[{'name': 'Nonpartisan', 'short_name': 'NP', 'id': 41}]",https://br-production-assets.s3.amazonaws.com/uploads/candidate/headshot/251683/251683.jpg,james-cappleman,https://br-production-assets.s3.amazonaws.com/uploads/candidate/headshot/251683/thumb_251683.jpg,JAMES CAPPLEMAN,JAMES CAPPLEMAN,For Alderman 46th Ward,55.0,JAMES CAPPLEMAN
251684,368,Angela,Clay,"[{'name': 'Nonpartisan', 'short_name': 'NP', 'id': 41}]",https://br-production-assets.s3.amazonaws.com/uploads/candidate/headshot/251684/251684.jpg,angela-clay,https://br-production-assets.s3.amazonaws.com/uploads/candidate/headshot/251684/thumb_251684.jpg,ANGELA CLAY,ANGELA CLAY,For Alderman 46th Ward,198.0,ANGELA CLAY
251685,368,Jon-Robert,Mcdowell,"[{'name': 'Nonpartisan', 'short_name': 'NP', 'id': 41}]",https://br-production-assets.s3.amazonaws.com/uploads/candidate/headshot/251685/251685.jpg,jon-robert-mcdowell,https://br-production-assets.s3.amazonaws.com/uploads/candidate/headshot/251685/thumb_251685.jpg,JON-ROBERT MCDOWELL,JON-ROBERT MCDOWELL,For Alderman 46th Ward,212.0,JON-ROBERT MCDOWELL
251686,368,Eileen,Dordek,"[{'name': 'Nonpartisan', 'short_name': 'NP', 'id': 41}]",https://br-production-assets.s3.amazonaws.com/uploads/candidate/headshot/251686/251686.jpg,eileen-dordek,https://br-production-assets.s3.amazonaws.com/uploads/candidate/headshot/251686/thumb_251686.jpg,EILEEN DORDEK,EILEEN DORDEK,For Alderman 47th Ward,86.0,EILEEN DORDEK
251687,368,Angela,Maloney,"[{'name': 'Nonpartisan', 'short_name': 'NP', 'id': 41}]",https://br-production-assets.s3.amazonaws.com/uploads/candidate/headshot/251687/251687.jpg,angela-maloney,https://br-production-assets.s3.amazonaws.com/uploads/candidate/headshot/251687/thumb_251687.jpg,ANGELA MALONEY,"ANGELA ""ANGIE"" MALONEY",For Alderman 47th Ward,76.0,"ANGELA ""ANGIE"" MALONEY"
251688,368,Heather,Kitzes,"[{'name': 'Nonpartisan', 'short_name': 'NP', 'id': 41}]",https://br-production-assets.s3.amazonaws.com/uploads/candidate/headshot/251688/251688.jpg,heather-way-kitzes,https://br-production-assets.s3.amazonaws.com/uploads/candidate/headshot/251688/thumb_251688.jpg,HEATHER KITZES,HEATHER WAY KITZES,For Alderman 47th Ward,54.0,HEATHER WAY KITZES
251689,368,Michael,Negron,"[{'name': 'Nonpartisan', 'short_name': 'NP', 'id': 41}]",https://br-production-assets.s3.amazonaws.com/uploads/candidate/headshot/251689/251689.jpg,michael-negron,https://br-production-assets.s3.amazonaws.com/uploads/candidate/headshot/251689/thumb_251689.jpg,MICHAEL NEGRON,MICHAEL A. NEGRON,For Alderman 47th Ward,53.0,MICHAEL A. NEGRON
251690,368,Matt,Martin,"[{'name': 'Nonpartisan', 'short_name': 'NP', 'id': 41}]",https://br-production-assets.s3.amazonaws.com/uploads/candidate/headshot/251690/251690.jpg,matt-martin,https://br-production-assets.s3.amazonaws.com/uploads/candidate/headshot/251690/thumb_251690.jpg,MATT MARTIN,MATT MARTIN,For Alderman 47th Ward,82.0,MATT MARTIN
251691,368,Gus,Katsafaros,"[{'name': 'Nonpartisan', 'short_name': 'NP', 'id': 41}]",https://br-production-assets.s3.amazonaws.com/uploads/candidate/headshot/251691/251691.jpg,gus-katsafaros,https://br-production-assets.s3.amazonaws.com/uploads/candidate/headshot/251691/thumb_251691.jpg,GUS KATSAFAROS,GUS KATSAFAROS,For Alderman 47th Ward,113.0,GUS KATSAFAROS
251692,368,Thomas,Schwartzers,"[{'name': 'Nonpartisan', 'short_name': 'NP', 'id': 41}]",https://br-production-assets.s3.amazonaws.com/uploads/candidate/headshot/251692/251692.jpg,thomas-m-schwartzers,https://br-production-assets.s3.amazonaws.com/uploads/candidate/headshot/251692/thumb_251692.jpg,THOMAS SCHWARTZERS,THOMAS M. SCHWARTZERS,For Alderman 47th Ward,117.0,THOMAS M. SCHWARTZERS
251693,368,Kimball,Ladien,"[{'name': 'Nonpartisan', 'short_name': 'NP', 'id': 41}]",,kimball-ladien,,KIMBALL LADIEN,KIMBALL LADIEN,For Alderman 47th Ward,200.0,KIMBALL LADIEN
251694,368,Jeff,Jenkins,"[{'name': 'Nonpartisan', 'short_name': 'NP', 'id': 41}]",https://br-production-assets.s3.amazonaws.com/uploads/candidate/headshot/251694/251694.jpg,jeff-jenkins-01be4925-8dc9-4715-81ea-d7104ca5f6c8,https://br-production-assets.s3.amazonaws.com/uploads/candidate/headshot/251694/thumb_251694.jpg,JEFF JENKINS,JEFF JENKINS,For Alderman 47th Ward,177.0,JEFF JENKINS
251695,368,Harry,Osterman,"[{'name': 'Nonpartisan', 'short_name': 'NP', 'id': 41}]",https://br-production-assets.s3.amazonaws.com/uploads/candidate/headshot/251695/251695.jpg,harry-osterman,https://br-production-assets.s3.amazonaws.com/uploads/candidate/headshot/251695/thumb_251695.jpg,HARRY OSTERMAN,HARRY OSTERMAN,For Alderman 48th Ward,100.0,HARRY OSTERMAN
251696,368,David,Williams,"[{'name': 'Nonpartisan', 'short_name': 'NP', 'id': 41}]",https://br-production-assets.s3.amazonaws.com/uploads/candidate/headshot/251696/251696.jpg,david-earl-williams-iii-f7aab578-a906-4286-be06-63055d499d96,https://br-production-assets.s3.amazonaws.com/uploads/candidate/headshot/251696/thumb_251696.jpg,DAVID WILLIAMS,DAVID EARL WILLIAMS III,For Alderman 48th Ward,182.0,DAVID EARL WILLIAMS III
251697,368,Joe,Moore,"[{'name': 'Nonpartisan', 'short_name': 'NP', 'id': 41}]",https://br-production-assets.s3.amazonaws.com/uploads/candidate/headshot/251697/251697.jpg,joe-moore,https://br-production-assets.s3.amazonaws.com/uploads/candidate/headshot/251697/thumb_251697.jpg,JOE MOORE,JOE MOORE,For Alderman 49th Ward,88.0,JOE MOORE
251698,368,Maria,Hadden,"[{'name': 'Nonpartisan', 'short_name': 'NP', 'id': 41}]",https://br-production-assets.s3.amazonaws.com/uploads/candidate/headshot/251698/251698.jpg,maria-hadden,https://br-production-assets.s3.amazonaws.com/uploads/candidate/headshot/251698/thumb_251698.jpg,MARIA HADDEN,MARIA HADDEN,For Alderman 49th Ward,37.0,MARIA HADDEN
251700,368,Bill,Morton,"[{'name': 'Nonpartisan', 'short_name': 'NP', 'id': 41}]",https://br-production-assets.s3.amazonaws.com/uploads/candidate/headshot/251700/251700.jpg,bill-morton,https://br-production-assets.s3.amazonaws.com/uploads/candidate/headshot/251700/thumb_251700.jpg,BILL MORTON,,,,
251701,368,Debra,Silverstein,"[{'name': 'Nonpartisan', 'short_name': 'NP', 'id': 41}]",https://br-production-assets.s3.amazonaws.com/uploads/candidate/headshot/251701/251701.jpg,debra-l-silverstein,https://br-production-assets.s3.amazonaws.com/uploads/candidate/headshot/251701/thumb_251701.jpg,DEBRA SILVERSTEIN,DEBRA L. SILVERSTEIN,For Alderman 50th Ward,62.0,DEBRA L. SILVERSTEIN
251702,368,Andrew,Rowlas,"[{'name': 'Nonpartisan', 'short_name': 'NP', 'id': 41}]",https://br-production-assets.s3.amazonaws.com/uploads/candidate/headshot/251702/251702.jpg,andrew-d-rowlas,https://br-production-assets.s3.amazonaws.com/uploads/candidate/headshot/251702/thumb_251702.jpg,ANDREW ROWLAS,ANDREW D ROWLAS,For Alderman 50th Ward,111.0,ANDREW D ROWLAS
251703,368,Zehra,Quadri,"[{'name': 'Nonpartisan', 'short_name': 'NP', 'id': 41}]",https://br-production-assets.s3.amazonaws.com/uploads/candidate/headshot/251703/251703.jpg,zehra-quadri-c59f7d70-b675-4807-aefd-890eabb0c223,https://br-production-assets.s3.amazonaws.com/uploads/candidate/headshot/251703/thumb_251703.jpg,ZEHRA QUADRI,ZEHRA QUADRI,For Alderman 50th Ward,195.0,ZEHRA QUADRI
251704,368,Majid,Mustafa,"[{'name': 'Nonpartisan', 'short_name': 'NP', 'id': 41}]",,majid-mustafa,,MAJID MUSTAFA,MAJID MUSTAFA,For Alderman 50th Ward,210.0,MAJID MUSTAFA
119231,368,La Shawn,Ford,"[{'name': 'Nonpartisan', 'short_name': 'NP', 'id': 41}]",https://br-production-assets.s3.amazonaws.com/uploads/candidate/headshot/119231/119231.jpg,la-shawn-k-ford,https://br-production-assets.s3.amazonaws.com/uploads/candidate/headshot/119231/thumb_119231.jpg,LA SHAWN FORD,LA SHAWN K. FORD,For Mayor,167.0,LA SHAWN K. FORD
120539,368,Susana,Mendoza,"[{'name': 'Nonpartisan', 'short_name': 'NP', 'id': 41}]",https://br-production-assets.s3.amazonaws.com/uploads/candidate/headshot/120539/120539.jpg,susana-a-mendoza,https://br-production-assets.s3.amazonaws.com/uploads/candidate/headshot/120539/thumb_120539.jpg,SUSANA MENDOZA,SUSANA A. MENDOZA,For Mayor,159.0,SUSANA A. MENDOZA
120743,368,Toni,Preckwinkle,"[{'name': 'Nonpartisan', 'short_name': 'NP', 'id': 41}]",https://br-production-assets.s3.amazonaws.com/uploads/candidate/headshot/120743/120743.jpg,toni-preckwinkle,https://br-production-assets.s3.amazonaws.com/uploads/candidate/headshot/120743/thumb_120743.jpg,TONI PRECKWINKLE,TONI PRECKWINKLE,For Mayor,7.0,TONI PRECKWINKLE
120744,368,Bob,Fioretti,"[{'name': 'Nonpartisan', 'short_name': 'NP', 'id': 41}]",https://br-production-assets.s3.amazonaws.com/uploads/candidate/headshot/120744/120744.jpg,bob-fioretti,https://br-production-assets.s3.amazonaws.com/uploads/candidate/headshot/120744/thumb_120744.jpg,BOB FIORETTI,"ROBERT ""BOB"" FIORETTI",For Mayor,220.0,"ROBERT ""BOB"" FIORETTI"
1696,368,Dorothy,Brown,"[{'name': 'Nonpartisan', 'short_name': 'NP', 'id': 41}]",https://br-production-assets.s3.amazonaws.com/uploads/candidate/headshot/1696/1696.jpg,dorothy-a-brown,https://br-production-assets.s3.amazonaws.com/uploads/candidate/headshot/1696/thumb_1696.jpg,DOROTHY BROWN,DOROTHY A. BROWN COOK,For Mayor,132.0,DOROTHY A. BROWN COOK
251466,368,Jerry,Joyce,"[{'name': 'Nonpartisan', 'short_name': 'NP', 'id': 41}]",https://br-production-assets.s3.amazonaws.com/uploads/candidate/headshot/251466/251466.jpg,jerry-joyce-fc0d2451-572a-4c59-a653-10b0069a1592,https://br-production-assets.s3.amazonaws.com/uploads/candidate/headshot/251466/thumb_251466.jpg,JERRY JOYCE,JERRY JOYCE,For Mayor,18.0,JERRY JOYCE
251467,368,Paul,Vallas,"[{'name': 'Nonpartisan', 'short_name': 'NP', 'id': 41}]",https://br-production-assets.s3.amazonaws.com/uploads/candidate/headshot/251467/251467.jpg,paul-vallas,https://br-production-assets.s3.amazonaws.com/uploads/candidate/headshot/251467/thumb_251467.jpg,PAUL VALLAS,PAUL VALLAS,For Mayor,13.0,PAUL VALLAS
251468,368,Willie,Wilson,"[{'name': 'Nonpartisan', 'short_name': 'NP', 'id': 41}]",https://br-production-assets.s3.amazonaws.com/uploads/candidate/headshot/251468/251468.jpg,willie-l-wilson,https://br-production-assets.s3.amazonaws.com/uploads/candidate/headshot/251468/thumb_251468.jpg,WILLIE WILSON,WILLIE L. WILSON,For Mayor,1.0,WILLIE L. WILSON
251471,368,William,Daley,"[{'name': 'Nonpartisan', 'short_name': 'NP', 'id': 41}]",https://br-production-assets.s3.amazonaws.com/uploads/candidate/headshot/251471/251471.jpg,william-m-daley,https://br-production-assets.s3.amazonaws.com/uploads/candidate/headshot/251471/thumb_251471.jpg,WILLIAM DALEY,WILLIAM M. DALEY,For Mayor,129.0,WILLIAM M. DALEY
251472,368,John,Kozlar,"[{'name': 'Nonpartisan', 'short_name': 'NP', 'id': 41}]",https://br-production-assets.s3.amazonaws.com/uploads/candidate/headshot/251472/251472.jpg,john-kenneth-kozlar,https://br-production-assets.s3.amazonaws.com/uploads/candidate/headshot/251472/thumb_251472.jpg,JOHN KOZLAR,JOHN KENNETH KOZLAR,For Mayor,224.0,JOHN KENNETH KOZLAR
251474,368,Lori,Lightfoot,"[{'name': 'Nonpartisan', 'short_name': 'NP', 'id': 41}]",https://br-production-assets.s3.amazonaws.com/uploads/candidate/headshot/251474/251474.jpg,lori-lightfoot-d89a6ee1-af9e-4399-a713-eebe27ba909b,https://br-production-assets.s3.amazonaws.com/uploads/candidate/headshot/251474/thumb_251474.jpg,LORI LIGHTFOOT,LORI LIGHTFOOT,For Mayor,175.0,LORI LIGHTFOOT
251475,368,Neal,Sáles-Griffin,"[{'name': 'Nonpartisan', 'short_name': 'NP', 'id': 41}]",https://br-production-assets.s3.amazonaws.com/uploads/candidate/headshot/251475/251475.jpg,neal-sales-griffin,https://br-production-assets.s3.amazonaws.com/uploads/candidate/headshot/251475/thumb_251475.jpg,NEAL SÁLES-GRIFFIN,NEAL SÁLES-GRIFFIN,For Mayor,170.0,NEAL SÁLES-GRIFFIN
251479,368,Amara,Enyia,"[{'name': 'Nonpartisan', 'short_name': 'NP', 'id': 41}]",https://br-production-assets.s3.amazonaws.com/uploads/candidate/headshot/251479/251479.jpg,amara-enyia,https://br-production-assets.s3.amazonaws.com/uploads/candidate/headshot/251479/thumb_251479.jpg,AMARA ENYIA,AMARA ENYIA,For Mayor,158.0,AMARA ENYIA
251482,368,Gery,Chico,"[{'name': 'Nonpartisan', 'short_name': 'NP', 'id': 41}]",https://br-production-assets.s3.amazonaws.com/uploads/candidate/headshot/251482/251482.jpg,gery-chico,https://br-production-assets.s3.amazonaws.com/uploads/candidate/headshot/251482/thumb_251482.jpg,GERY CHICO,GERY CHICO,For Mayor,134.0,GERY CHICO
251484,368,Garry,McCarthy,"[{'name': 'Nonpartisan', 'short_name': 'NP', 'id': 41}]",https://br-production-assets.s3.amazonaws.com/uploads/candidate/headshot/251484/251484.jpg,garry-mccarthy,https://br-production-assets.s3.amazonaws.com/uploads/candidate/headshot/251484/thumb_251484.jpg,GARRY MCCARTHY,GARRY MCCARTHY,For Mayor,133.0,GARRY MCCARTHY
251485,368,Anna,Valencia,"[{'name': 'Nonpartisan', 'short_name': 'NP', 'id': 41}]",https://br-production-assets.s3.amazonaws.com/uploads/candidate/headshot/251485/251485.jpg,anna-m-valencia,https://br-production-assets.s3.amazonaws.com/uploads/candidate/headshot/251485/thumb_251485.jpg,ANNA VALENCIA,ANNA M. VALENCIA,For City Clerk,11.0,ANNA M. VALENCIA
119010,368,Melissa,Conyears-Ervin,"[{'name': 'Nonpartisan', 'short_name': 'NP', 'id': 41}]",https://br-production-assets.s3.amazonaws.com/uploads/candidate/headshot/119010/119010.jpg,melissa-conyears-ervin,https://br-production-assets.s3.amazonaws.com/uploads/candidate/headshot/119010/thumb_119010.jpg,MELISSA CONYEARS-ERVIN,MELISSA CONYEARS-ERVIN,For City Treasurer,74.0,MELISSA CONYEARS-ERVIN
251490,368,Ameya,Pawar,"[{'name': 'Nonpartisan', 'short_name': 'NP', 'id': 41}]",https://br-production-assets.s3.amazonaws.com/uploads/candidate/headshot/251490/251490.jpg,ameya-pawar-7dd15219-980a-46ac-9e7b-792fc9aa329a,https://br-production-assets.s3.amazonaws.com/uploads/candidate/headshot/251490/thumb_251490.jpg,AMEYA PAWAR,AMEYA PAWAR,For City Treasurer,179.0,AMEYA PAWAR
251491,368,Peter,Gariepy,"[{'name': 'Nonpartisan', 'short_name': 'NP', 'id': 41}]",https://br-production-assets.s3.amazonaws.com/uploads/candidate/headshot/251491/251491.jpg,peter-gariepy-a6a9ffbf-2285-4232-bfcd-da7cd0b86878,https://br-production-assets.s3.amazonaws.com/uploads/candidate/headshot/251491/thumb_251491.jpg,PETER GARIEPY,PETER GARIEPY,For City Treasurer,172.0,PETER GARIEPY
